000,Edmonton,Canada,"Canadian Blood Services, Edmonton","Edmonton, AB, T6G 2R8",8249 114 St NW,Thursday 2021-08-12
001,Edmonton,Canada,"Canadian Blood Services, Edmonton","Edmonton, AB, T6G 2R8",8249 114 St NW,Friday 2021-08-13
002,Edmonton,Canada,"Canadian Blood Services, Edmonton","Edmonton, AB, T6G 2R8",8249 114 St NW,Monday 2021-08-16
003,Edmonton,Canada,"Canadian Blood Services, Edmonton","Edmonton, AB, T6G 2R8",8249 114 St NW,Tuesday 2021-08-17
004,Edmonton,Canada,"Canadian Blood Services, Edmonton","Edmonton, AB, T6G 2R8",8249 114 St NW,Wednesday 2021-08-18
005,Edmonton,Canada,"Canadian Blood Services, Edmonton","Edmonton, AB, T6G 2R8",8249 114 St NW,Thursday 2021-08-19
006,Edmonton,Canada,"Canadian Blood Services, Edmonton","Edmonton, AB, T6G 2R8",8249 114 St NW,Friday 2021-08-20
007,Edmonton,Canada,"Canadian Blood Services, Edmonton","Edmonton, AB, T6G 2R8",8249 114 St NW,Saturday 2021-08-21
008,Edmonton,Canada,"Canadian Blood Services, Edmonton","Edmonton, AB, T6G 2R8",8249 114 St NW,Monday 2021-08-23
009,Edmonton,Canada,"Canadian Blood Services, Edmonton","Edmonton, AB, T6G 2R8",8249 114 St NW,Tuesday 2021-08-24
010,Edmonton,Canada,"Canadian Blood Services, Edmonton","Edmonton, AB, T6G 2R8",8249 114 St NW,Wednesday 2021-08-25
011,Edmonton,Canada,"Canadian Blood Services, Edmonton","Edmonton, AB, T6G 2R8",8249 114 St NW,Thursday 2021-08-26
012,Edmonton,Canada,"Canadian Blood Services, Edmonton","Edmonton, AB, T6G 2R8",8249 114 St NW,Friday 2021-08-27
013,Edmonton,Canada,"Canadian Blood Services, Edmonton","Edmonton, AB, T6G 2R8",8249 114 St NW,Monday 2021-08-30
014,Edmonton,Canada,"Canadian Blood Services, Edmonton","Edmonton, AB, T6G 2R8",8249 114 St NW,Tuesday 2021-08-31
015,Edmonton,Canada,"Canadian Blood Services, Edmonton","Edmonton, AB, T6G 2R8",8249 114 St NW,Wednesday 2021-09-01
016,Edmonton,Canada,"Canadian Blood Services, Edmonton","Edmonton, AB, T6G 2R8",8249 114 St NW,Thursday 2021-09-02
017,Edmonton,Canada,"Canadian Blood Services, Edmonton","Edmonton, AB, T6G 2R8",8249 114 St NW,Friday 2021-09-03
018,Edmonton,Canada,"Canadian Blood Services, Edmonton","Edmonton, AB, T6G 2R8",8249 114 St NW,Saturday 2021-09-04
019,Edmonton,Canada,"Canadian Blood Services, Edmonton","Edmonton, AB, T6G 2R8",8249 114 St NW,Monday 2021-09-06
020,Edmonton,Canada,"Canadian Blood Services, Edmonton","Edmonton, AB, T6G 2R8",8249 114 St NW,Tuesday 2021-09-07
021,Edmonton,Canada,"Canadian Blood Services, Edmonton","Edmonton, AB, T6G 2R8",8249 114 St NW,Wednesday 2021-09-08
022,Edmonton,Canada,"Canadian Blood Services, Edmonton","Edmonton, AB, T6G 2R8",8249 114 St NW,Thursday 2021-09-09
023,Edmonton,Canada,"Canadian Blood Services, Edmonton","Edmonton, AB, T6G 2R8",8249 114 St NW,Friday 2021-09-10
024,Edmonton,Canada,"Canadian Blood Services, Edmonton","Edmonton, AB, T6G 2R8",8249 114 St NW,Saturday 2021-09-11
025,Edmonton,Canada,"Canadian Blood Services, Edmonton","Edmonton, AB, T6G 2R8",8249 114 St NW,Monday 2021-09-13
026,Edmonton,Canada,"Canadian Blood Services, Edmonton","Edmonton, AB, T6G 2R8",8249 114 St NW,Tuesday 2021-09-14
027,Edmonton,Canada,"Canadian Blood Services, Edmonton","Edmonton, AB, T6G 2R8",8249 114 St NW,Wednesday 2021-09-15
028,Edmonton,Canada,"Canadian Blood Services, Edmonton","Edmonton, AB, T6G 2R8",8249 114 St NW,Thursday 2021-09-16
029,Edmonton,Canada,"Canadian Blood Services, Edmonton","Edmonton, AB, T6G 2R8",8249 114 St NW,Friday 2021-09-17
030,Edmonton,Canada,"Canadian Blood Services, Edmonton","Edmonton, AB, T6G 2R8",8249 114 St NW,Saturday 2021-09-18
031,Edmonton,Canada,"Canadian Blood Services, Edmonton","Edmonton, AB, T6G 2R8",8249 114 St NW,Monday 2021-09-20
032,Edmonton,Canada,"Canadian Blood Services, Edmonton","Edmonton, AB, T6G 2R8",8249 114 St NW,Tuesday 2021-09-21
033,Edmonton,Canada,"Canadian Blood Services, Edmonton","Edmonton, AB, T6G 2R8",8249 114 St NW,Wednesday 2021-09-22
034,Edmonton,Canada,"Canadian Blood Services, Edmonton","Edmonton, AB, T6G 2R8",8249 114 St NW,Thursday 2021-09-23
035,Edmonton,Canada,"Canadian Blood Services, Edmonton","Edmonton, AB, T6G 2R8",8249 114 St NW,Friday 2021-09-24
036,Edmonton,Canada,"Canadian Blood Services, Edmonton","Edmonton, AB, T6G 2R8",8249 114 St NW,Saturday 2021-09-25
037,Edmonton,Canada,"Canadian Blood Services, Edmonton","Edmonton, AB, T6G 2R8",8249 114 St NW,Monday 2021-09-27
038,Edmonton,Canada,"Canadian Blood Services, Edmonton","Edmonton, AB, T6G 2R8",8249 114 St NW,Tuesday 2021-09-28
039,Edmonton,Canada,"Canadian Blood Services, Edmonton","Edmonton, AB, T6G 2R8",8249 114 St NW,Wednesday 2021-09-29
040,Edmonton,Canada,"Canadian Blood Services, Edmonton","Edmonton, AB, T6G 2R8",8249 114 St NW,Thursday 2021-09-30
041,Edmonton,Canada,"Canadian Blood Services, Edmonton","Edmonton, AB, T6G 2R8",8249 114 St NW,Friday 2021-10-01
042,Edmonton,Canada,"Canadian Blood Services, Edmonton","Edmonton, AB, T6G 2R8",8249 114 St NW,Saturday 2021-10-02
043,Edmonton,Canada,"Canadian Blood Services, Edmonton","Edmonton, AB, T6G 2R8",8249 114 St NW,Monday 2021-10-04
044,Edmonton,Canada,"Canadian Blood Services, Edmonton","Edmonton, AB, T6G 2R8",8249 114 St NW,Tuesday 2021-10-05
045,Edmonton,Canada,"Canadian Blood Services, Edmonton","Edmonton, AB, T6G 2R8",8249 114 St NW,Wednesday 2021-10-06
046,Edmonton,Canada,"Canadian Blood Services, Edmonton","Edmonton, AB, T6G 2R8",8249 114 St NW,Thursday 2021-10-07
047,Edmonton,Canada,"Canadian Blood Services, Edmonton","Edmonton, AB, T6G 2R8",8249 114 St NW,Friday 2021-10-08
048,Edmonton,Canada,"Canadian Blood Services, Edmonton","Edmonton, AB, T6G 2R8",8249 114 St NW,Saturday 2021-10-09
049,Edmonton,Canada,"Canadian Blood Services, Edmonton","Edmonton, AB, T6G 2R8",8249 114 St NW,Monday 2021-10-11
050,Edmonton,Canada,"Canadian Blood Services, Edmonton","Edmonton, AB, T6G 2R8",8249 114 St NW,Tuesday 2021-10-12
051,Edmonton,Canada,"Canadian Blood Services, Edmonton","Edmonton, AB, T6G 2R8",8249 114 St NW,Wednesday 2021-10-13
052,Edmonton,Canada,"Canadian Blood Services, Edmonton","Edmonton, AB, T6G 2R8",8249 114 St NW,Thursday 2021-10-14
053,Edmonton,Canada,"Canadian Blood Services, Edmonton","Edmonton, AB, T6G 2R8",8249 114 St NW,Friday 2021-10-15
054,Edmonton,Canada,"Canadian Blood Services, Edmonton","Edmonton, AB, T6G 2R8",8249 114 St NW,Saturday 2021-10-16
055,Edmonton,Canada,"Canadian Blood Services, Edmonton","Edmonton, AB, T6G 2R8",8249 114 St NW,Monday 2021-10-18
056,Edmonton,Canada,"Canadian Blood Services, Edmonton","Edmonton, AB, T6G 2R8",8249 114 St NW,Tuesday 2021-10-19
057,Edmonton,Canada,"Canadian Blood Services, Edmonton","Edmonton, AB, T6G 2R8",8249 114 St NW,Wednesday 2021-10-20
058,Edmonton,Canada,"Canadian Blood Services, Edmonton","Edmonton, AB, T6G 2R8",8249 114 St NW,Thursday 2021-10-21
059,Edmonton,Canada,"Canadian Blood Services, Edmonton","Edmonton, AB, T6G 2R8",8249 114 St NW,Friday 2021-10-22
060,Edmonton,Canada,"Canadian Blood Services, Edmonton","Edmonton, AB, T6G 2R8",8249 114 St NW,Saturday 2021-10-23
061,Edmonton,Canada,"Canadian Blood Services, Edmonton","Edmonton, AB, T6G 2R8",8249 114 St NW,Monday 2021-10-25
062,Edmonton,Canada,"Canadian Blood Services, Edmonton","Edmonton, AB, T6G 2R8",8249 114 St NW,Tuesday 2021-10-26
063,Edmonton,Canada,"Canadian Blood Services, Edmonton","Edmonton, AB, T6G 2R8",8249 114 St NW,Wednesday 2021-10-27
064,Edmonton,Canada,"Canadian Blood Services, Edmonton","Edmonton, AB, T6G 2R8",8249 114 St NW,Thursday 2021-10-28
065,Edmonton,Canada,"Canadian Blood Services, Edmonton","Edmonton, AB, T6G 2R8",8249 114 St NW,Friday 2021-10-29
066,Edmonton,Canada,"Canadian Blood Services, Edmonton","Edmonton, AB, T6G 2R8",8249 114 St NW,Saturday 2021-10-30
067,Edmonton,Canada,"Canadian Blood Services, Edmonton","Edmonton, AB, T6G 2R8",8249 114 St NW,Monday 2021-11-01
068,Edmonton,Canada,"Canadian Blood Services, Edmonton","Edmonton, AB, T6G 2R8",8249 114 St NW,Tuesday 2021-11-02
069,Edmonton,Canada,"Canadian Blood Services, Edmonton","Edmonton, AB, T6G 2R8",8249 114 St NW,Wednesday 2021-11-03
070,Edmonton,Canada,"Canadian Blood Services, Edmonton","Edmonton, AB, T6G 2R8",8249 114 St NW,Thursday 2021-11-04
071,Edmonton,Canada,"Canadian Blood Services, Edmonton","Edmonton, AB, T6G 2R8",8249 114 St NW,Friday 2021-11-05
072,Edmonton,Canada,"Canadian Blood Services, Edmonton","Edmonton, AB, T6G 2R8",8249 114 St NW,Saturday 2021-11-06
073,Edmonton,Canada,"Canadian Blood Services, Edmonton","Edmonton, AB, T6G 2R8",8249 114 St NW,Monday 2021-11-08
074,Edmonton,Canada,"Canadian Blood Services, Edmonton","Edmonton, AB, T6G 2R8",8249 114 St NW,Tuesday 2021-11-09
075,Edmonton,Canada,"Canadian Blood Services, Edmonton","Edmonton, AB, T6G 2R8",8249 114 St NW,Wednesday 2021-11-10
076,Edmonton,Canada,"Canadian Blood Services, Edmonton","Edmonton, AB, T6G 2R8",8249 114 St NW,Thursday 2021-11-11
077,Edmonton,Canada,Plasma Clinic,"Edmonton, AB, T6G 2R8",8249 - 114 Street,Thursday 2021-08-12
078,Edmonton,Canada,Plasma Clinic,"Edmonton, AB, T6G 2R8",8249 - 114 Street,Friday 2021-08-13
079,Edmonton,Canada,Plasma Clinic,"Edmonton, AB, T6G 2R8",8249 - 114 Street,Monday 2021-08-16
080,Edmonton,Canada,Plasma Clinic,"Edmonton, AB, T6G 2R8",8249 - 114 Street,Wednesday 2021-08-25
081,Edmonton,Canada,Plasma Clinic,"Edmonton, AB, T6G 2R8",8249 - 114 Street,Thursday 2021-08-26
082,Edmonton,Canada,Plasma Clinic,"Edmonton, AB, T6G 2R8",8249 - 114 Street,Wednesday 2021-09-08
083,Edmonton,Canada,Plasma Clinic,"Edmonton, AB, T6G 2R8",8249 - 114 Street,Friday 2021-09-10
084,Edmonton,Canada,Plasma Clinic,"Edmonton, AB, T6G 2R8",8249 - 114 Street,Wednesday 2021-09-15
085,Edmonton,Canada,Plasma Clinic,"Edmonton, AB, T6G 2R8",8249 - 114 Street,Friday 2021-09-17
086,Edmonton,Canada,Plasma Clinic,"Edmonton, AB, T6G 2R8",8249 - 114 Street,Monday 2021-09-20
087,Edmonton,Canada,Plasma Clinic,"Edmonton, AB, T6G 2R8",8249 - 114 Street,Wednesday 2021-09-22
088,Edmonton,Canada,Plasma Clinic,"Edmonton, AB, T6G 2R8",8249 - 114 Street,Thursday 2021-09-23
089,Edmonton,Canada,Plasma Clinic,"Edmonton, AB, T6G 2R8",8249 - 114 Street,Friday 2021-09-24
090,Edmonton,Canada,Plasma Clinic,"Edmonton, AB, T6G 2R8",8249 - 114 Street,Friday 2021-10-01
091,Edmonton,Canada,Plasma Clinic,"Edmonton, AB, T6G 2R8",8249 - 114 Street,Monday 2021-10-04
092,Edmonton,Canada,Plasma Clinic,"Edmonton, AB, T6G 2R8",8249 - 114 Street,Wednesday 2021-10-06
093,Edmonton,Canada,Plasma Clinic,"Edmonton, AB, T6G 2R8",8249 - 114 Street,Friday 2021-10-08
094,Edmonton,Canada,Plasma Clinic,"Edmonton, AB, T6G 2R8",8249 - 114 Street,Monday 2021-10-11
095,Edmonton,Canada,Plasma Clinic,"Edmonton, AB, T6G 2R8",8249 - 114 Street,Wednesday 2021-10-13
096,Edmonton,Canada,Plasma Clinic,"Edmonton, AB, T6G 2R8",8249 - 114 Street,Friday 2021-10-15
097,Edmonton,Canada,Plasma Clinic,"Edmonton, AB, T6G 2R8",8249 - 114 Street,Monday 2021-10-18
098,Edmonton,Canada,Plasma Clinic,"Edmonton, AB, T6G 2R8",8249 - 114 Street,Wednesday 2021-10-20
099,Edmonton,Canada,Plasma Clinic,"Edmonton, AB, T6G 2R8",8249 - 114 Street,Friday 2021-10-22
100,Edmonton,Canada,Plasma Clinic,"Edmonton, AB, T6G 2R8",8249 - 114 Street,Monday 2021-10-25
101,Edmonton,Canada,Plasma Clinic,"Edmonton, AB, T6G 2R8",8249 - 114 Street,Wednesday 2021-10-27
102,Edmonton,Canada,Plasma Clinic,"Edmonton, AB, T6G 2R8",8249 - 114 Street,Friday 2021-10-29
103,Edmonton,Canada,Plasma Clinic,"Edmonton, AB, T6G 2R8",8249 - 114 Street,Monday 2021-11-01
104,Edmonton,Canada,Plasma Clinic,"Edmonton, AB, T6G 2R8",8249 - 114 Street,Wednesday 2021-11-03
105,Edmonton,Canada,Plasma Clinic,"Edmonton, AB, T6G 2R8",8249 - 114 Street,Thursday 2021-11-04
106,Edmonton,Canada,Plasma Clinic,"Edmonton, AB, T6G 2R8",8249 - 114 Street,Friday 2021-11-05
107,Edmonton,Canada,Plasma Clinic,"Edmonton, AB, T6G 2R8",8249 - 114 Street,Monday 2021-11-08
108,Edmonton,Canada,Plasma Clinic,"Edmonton, AB, T6G 2R8",8249 - 114 Street,Tuesday 2021-11-09
109,Edmonton,Canada,Plasma Clinic,"Edmonton, AB, T6G 2R8",8249 - 114 Street,Wednesday 2021-11-10
110,Edmonton,Canada,Northmount Community Centre.,"Edmonton, AB, T5E 6E2",9208 140 Ave NW,Friday 2021-10-08
111,Edmonton,Canada,South Edmonton Alliance Church,"Edmonton, AB, T6L 6P7",6508 - 31 Avenue,Wednesday 2021-10-13
112,St. Albert,Canada,St. Albert Inn,"St. Albert, AB, T8N 0P5",156 Saint Albert Trail,Wednesday 2021-09-22
113,St. Albert,Canada,St. Albert Inn,"St. Albert, AB, T8N 0P5",156 Saint Albert Trail,Wednesday 2021-10-06
114,St. Albert,Canada,St. Albert Inn,"St. Albert, AB, T8N 0P5",156 Saint Albert Trail,Wednesday 2021-10-20
115,Edmonton,Canada,Terwillegar Community Church,"Edmonton, AB, T6R 3N9",1751 Towne Centre Blvd.,Monday 2021-10-25
116,Edmonton,Canada,West Edmonton Christian Assembly - Gym,"Edmonton, AB, T5T 6N2",6315 199 St NW,Wednesday 2021-11-03
117,Sherwood Park,Canada,Bethel Lutheran Church,"Sherwood Park, AB, T8H 2C5",298 Bethel Drive,Wednesday 2021-09-01
118,Sherwood Park,Canada,Bethel Lutheran Church,"Sherwood Park, AB, T8H 2C5",298 Bethel Drive,Wednesday 2021-10-27
119,Sherwood Park,Canada,Centre in the Park - Community Centre,"Sherwood Park, AB, T8A 3W7",401 Festival Lane,Tuesday 2021-09-07
120,Sherwood Park,Canada,Centre in the Park - Community Centre,"Sherwood Park, AB, T8A 3W7",401 Festival Lane,Tuesday 2021-11-02
121,Sherwood Park,Canada,Our Lady Of Perpetual Help Church,"Sherwood Park, AB, T8H 1Y7",13 Brower Drive,Monday 2021-10-18
122,Beaumont,Canada,Beaumont Community Centre - Hall B,"Beaumont, AB, T4X 1E3",5204 50 Ave,Tuesday 2021-10-05
123,Devon,Canada,Devon Community Centre,"Devon, AB, T9G 2B9",20 Haven Avenue,Tuesday 2021-09-28
124,Morinville,Canada,Rendez Vous Centre,"Morinville, AB, T8R 1R8",9913 - 104 Street,Tuesday 2021-08-17
125,Morinville,Canada,Rendez Vous Centre,"Morinville, AB, T8R 1R8",9913 - 104 Street,Tuesday 2021-11-09
126,Spruce Grove,Canada,Holy Trinity Catholic Church,"Spruce Grove, AB, T7X 3T3",200 Boundary Road,Wednesday 2021-09-15
127,Spruce Grove,Canada,Holy Trinity Catholic Church,"Spruce Grove, AB, T7X 3T3",200 Boundary Road,Tuesday 2021-10-26
128,Spruce Grove,Canada,Holy Trinity Catholic Church,"Spruce Grove, AB, T7X 3T3",200 Boundary Road,Friday 2021-10-29
129,Spruce Grove,Canada,Holy Trinity Catholic Church,"Spruce Grove, AB, T7X 3T3",200 Boundary Road,Wednesday 2021-11-10
130,Leduc,Canada,Leduc Fellowship Church,"Leduc, AB, T9E 7H4",4401 Rollyview Rd,Friday 2021-08-13
131,Leduc,Canada,Leduc Fellowship Church,"Leduc, AB, T9E 7H4",4401 Rollyview Rd,Friday 2021-09-17
132,Leduc,Canada,Leduc Fellowship Church,"Leduc, AB, T9E 7H4",4401 Rollyview Rd,Wednesday 2021-09-29
133,Leduc,Canada,Leduc Fellowship Church,"Leduc, AB, T9E 7H4",4401 Rollyview Rd,Friday 2021-10-01
134,Leduc,Canada,Leduc Fellowship Church,"Leduc, AB, T9E 7H4",4401 Rollyview Rd,Friday 2021-10-15
135,Calgary,Canada,Calgary Perm Clinic - Plasmapheresis,"Calgary, AB, T2P 4R5","Eau Claire Market, 200 Barclay Parade SW",Thursday 2021-08-12
136,Calgary,Canada,Calgary Perm Clinic - Plasmapheresis,"Calgary, AB, T2P 4R5","Eau Claire Market, 200 Barclay Parade SW",Friday 2021-08-13
137,Calgary,Canada,Calgary Perm Clinic - Plasmapheresis,"Calgary, AB, T2P 4R5","Eau Claire Market, 200 Barclay Parade SW",Monday 2021-08-16
138,Calgary,Canada,Calgary Perm Clinic - Plasmapheresis,"Calgary, AB, T2P 4R5","Eau Claire Market, 200 Barclay Parade SW",Wednesday 2021-08-18
139,Calgary,Canada,Calgary Perm Clinic - Plasmapheresis,"Calgary, AB, T2P 4R5","Eau Claire Market, 200 Barclay Parade SW",Wednesday 2021-08-25
140,Calgary,Canada,Calgary Perm Clinic - Plasmapheresis,"Calgary, AB, T2P 4R5","Eau Claire Market, 200 Barclay Parade SW",Monday 2021-08-30
141,Calgary,Canada,Calgary Perm Clinic - Plasmapheresis,"Calgary, AB, T2P 4R5","Eau Claire Market, 200 Barclay Parade SW",Wednesday 2021-09-01
142,Calgary,Canada,Calgary Perm Clinic - Plasmapheresis,"Calgary, AB, T2P 4R5","Eau Claire Market, 200 Barclay Parade SW",Friday 2021-09-03
143,Calgary,Canada,Calgary Perm Clinic - Plasmapheresis,"Calgary, AB, T2P 4R5","Eau Claire Market, 200 Barclay Parade SW",Monday 2021-09-06
144,Calgary,Canada,Calgary Perm Clinic - Plasmapheresis,"Calgary, AB, T2P 4R5","Eau Claire Market, 200 Barclay Parade SW",Wednesday 2021-09-08
145,Calgary,Canada,Calgary Perm Clinic - Plasmapheresis,"Calgary, AB, T2P 4R5","Eau Claire Market, 200 Barclay Parade SW",Thursday 2021-09-09
146,Calgary,Canada,Calgary Perm Clinic - Plasmapheresis,"Calgary, AB, T2P 4R5","Eau Claire Market, 200 Barclay Parade SW",Friday 2021-09-10
147,Calgary,Canada,Calgary Perm Clinic - Plasmapheresis,"Calgary, AB, T2P 4R5","Eau Claire Market, 200 Barclay Parade SW",Monday 2021-09-13
148,Calgary,Canada,Calgary Perm Clinic - Plasmapheresis,"Calgary, AB, T2P 4R5","Eau Claire Market, 200 Barclay Parade SW",Wednesday 2021-09-15
149,Calgary,Canada,Calgary Perm Clinic - Plasmapheresis,"Calgary, AB, T2P 4R5","Eau Claire Market, 200 Barclay Parade SW",Thursday 2021-09-16
150,Calgary,Canada,Calgary Perm Clinic - Plasmapheresis,"Calgary, AB, T2P 4R5","Eau Claire Market, 200 Barclay Parade SW",Friday 2021-09-17
151,Calgary,Canada,Calgary Perm Clinic - Plasmapheresis,"Calgary, AB, T2P 4R5","Eau Claire Market, 200 Barclay Parade SW",Monday 2021-09-20
152,Calgary,Canada,Calgary Perm Clinic - Plasmapheresis,"Calgary, AB, T2P 4R5","Eau Claire Market, 200 Barclay Parade SW",Wednesday 2021-09-22
153,Calgary,Canada,Calgary Perm Clinic - Plasmapheresis,"Calgary, AB, T2P 4R5","Eau Claire Market, 200 Barclay Parade SW",Thursday 2021-09-23
154,Calgary,Canada,Calgary Perm Clinic - Plasmapheresis,"Calgary, AB, T2P 4R5","Eau Claire Market, 200 Barclay Parade SW",Friday 2021-09-24
155,Calgary,Canada,Calgary Perm Clinic - Plasmapheresis,"Calgary, AB, T2P 4R5","Eau Claire Market, 200 Barclay Parade SW",Monday 2021-09-27
156,Calgary,Canada,Calgary Perm Clinic - Plasmapheresis,"Calgary, AB, T2P 4R5","Eau Claire Market, 200 Barclay Parade SW",Tuesday 2021-09-28
157,Calgary,Canada,Calgary Perm Clinic - Plasmapheresis,"Calgary, AB, T2P 4R5","Eau Claire Market, 200 Barclay Parade SW",Wednesday 2021-09-29
158,Calgary,Canada,Calgary Perm Clinic - Plasmapheresis,"Calgary, AB, T2P 4R5","Eau Claire Market, 200 Barclay Parade SW",Thursday 2021-09-30
159,Calgary,Canada,Calgary Perm Clinic - Plasmapheresis,"Calgary, AB, T2P 4R5","Eau Claire Market, 200 Barclay Parade SW",Friday 2021-10-01
160,Calgary,Canada,Calgary Perm Clinic - Plasmapheresis,"Calgary, AB, T2P 4R5","Eau Claire Market, 200 Barclay Parade SW",Monday 2021-10-04
161,Calgary,Canada,Calgary Perm Clinic - Plasmapheresis,"Calgary, AB, T2P 4R5","Eau Claire Market, 200 Barclay Parade SW",Wednesday 2021-10-06
162,Calgary,Canada,Calgary Perm Clinic - Plasmapheresis,"Calgary, AB, T2P 4R5","Eau Claire Market, 200 Barclay Parade SW",Thursday 2021-10-07
163,Calgary,Canada,Calgary Perm Clinic - Plasmapheresis,"Calgary, AB, T2P 4R5","Eau Claire Market, 200 Barclay Parade SW",Friday 2021-10-08
164,Calgary,Canada,Calgary Perm Clinic - Plasmapheresis,"Calgary, AB, T2P 4R5","Eau Claire Market, 200 Barclay Parade SW",Monday 2021-10-11
165,Calgary,Canada,Calgary Perm Clinic - Plasmapheresis,"Calgary, AB, T2P 4R5","Eau Claire Market, 200 Barclay Parade SW",Tuesday 2021-10-12
166,Calgary,Canada,Calgary Perm Clinic - Plasmapheresis,"Calgary, AB, T2P 4R5","Eau Claire Market, 200 Barclay Parade SW",Wednesday 2021-10-13
167,Calgary,Canada,Calgary Perm Clinic - Plasmapheresis,"Calgary, AB, T2P 4R5","Eau Claire Market, 200 Barclay Parade SW",Thursday 2021-10-14
168,Calgary,Canada,Calgary Perm Clinic - Plasmapheresis,"Calgary, AB, T2P 4R5","Eau Claire Market, 200 Barclay Parade SW",Friday 2021-10-15
169,Calgary,Canada,Calgary Perm Clinic - Plasmapheresis,"Calgary, AB, T2P 4R5","Eau Claire Market, 200 Barclay Parade SW",Monday 2021-10-18
170,Calgary,Canada,Calgary Perm Clinic - Plasmapheresis,"Calgary, AB, T2P 4R5","Eau Claire Market, 200 Barclay Parade SW",Tuesday 2021-10-19
171,Calgary,Canada,Calgary Perm Clinic - Plasmapheresis,"Calgary, AB, T2P 4R5","Eau Claire Market, 200 Barclay Parade SW",Wednesday 2021-10-20
172,Calgary,Canada,Calgary Perm Clinic - Plasmapheresis,"Calgary, AB, T2P 4R5","Eau Claire Market, 200 Barclay Parade SW",Thursday 2021-10-21
173,Calgary,Canada,Calgary Perm Clinic - Plasmapheresis,"Calgary, AB, T2P 4R5","Eau Claire Market, 200 Barclay Parade SW",Friday 2021-10-22
174,Calgary,Canada,Calgary Perm Clinic - Plasmapheresis,"Calgary, AB, T2P 4R5","Eau Claire Market, 200 Barclay Parade SW",Monday 2021-10-25
175,Calgary,Canada,Calgary Perm Clinic - Plasmapheresis,"Calgary, AB, T2P 4R5","Eau Claire Market, 200 Barclay Parade SW",Tuesday 2021-10-26
176,Calgary,Canada,Calgary Perm Clinic - Plasmapheresis,"Calgary, AB, T2P 4R5","Eau Claire Market, 200 Barclay Parade SW",Wednesday 2021-10-27
177,Calgary,Canada,Calgary Perm Clinic - Plasmapheresis,"Calgary, AB, T2P 4R5","Eau Claire Market, 200 Barclay Parade SW",Thursday 2021-10-28
178,Calgary,Canada,Calgary Perm Clinic - Plasmapheresis,"Calgary, AB, T2P 4R5","Eau Claire Market, 200 Barclay Parade SW",Friday 2021-10-29
179,Calgary,Canada,Calgary Perm Clinic - Plasmapheresis,"Calgary, AB, T2P 4R5","Eau Claire Market, 200 Barclay Parade SW",Monday 2021-11-01
180,Calgary,Canada,Calgary Perm Clinic - Plasmapheresis,"Calgary, AB, T2P 4R5","Eau Claire Market, 200 Barclay Parade SW",Tuesday 2021-11-02
181,Calgary,Canada,Calgary Perm Clinic - Plasmapheresis,"Calgary, AB, T2P 4R5","Eau Claire Market, 200 Barclay Parade SW",Wednesday 2021-11-03
182,Calgary,Canada,Calgary Perm Clinic - Plasmapheresis,"Calgary, AB, T2P 4R5","Eau Claire Market, 200 Barclay Parade SW",Thursday 2021-11-04
183,Calgary,Canada,Calgary Perm Clinic - Plasmapheresis,"Calgary, AB, T2P 4R5","Eau Claire Market, 200 Barclay Parade SW",Friday 2021-11-05
184,Calgary,Canada,Calgary Perm Clinic - Plasmapheresis,"Calgary, AB, T2P 4R5","Eau Claire Market, 200 Barclay Parade SW",Monday 2021-11-08
185,Calgary,Canada,Calgary Perm Clinic - Plasmapheresis,"Calgary, AB, T2P 4R5","Eau Claire Market, 200 Barclay Parade SW",Tuesday 2021-11-09
186,Calgary,Canada,Calgary Perm Clinic - Plasmapheresis,"Calgary, AB, T2P 4R5","Eau Claire Market, 200 Barclay Parade SW",Wednesday 2021-11-10
187,Calgary,Canada,Calgary Perm Clinic - Plasmapheresis,"Calgary, AB, T2P 4R5","Eau Claire Market, 200 Barclay Parade SW",Thursday 2021-11-11
188,Calgary,Canada,"Canadian Blood Services, Calgary","Calgary, AB, T2P 4R5",200 Barclay Parade SW #202,Thursday 2021-08-12
189,Calgary,Canada,"Canadian Blood Services, Calgary","Calgary, AB, T2P 4R5",200 Barclay Parade SW #202,Friday 2021-08-13
190,Calgary,Canada,"Canadian Blood Services, Calgary","Calgary, AB, T2P 4R5",200 Barclay Parade SW #202,Monday 2021-08-16
191,Calgary,Canada,"Canadian Blood Services, Calgary","Calgary, AB, T2P 4R5",200 Barclay Parade SW #202,Tuesday 2021-08-17
192,Calgary,Canada,"Canadian Blood Services, Calgary","Calgary, AB, T2P 4R5",200 Barclay Parade SW #202,Wednesday 2021-08-18
193,Calgary,Canada,"Canadian Blood Services, Calgary","Calgary, AB, T2P 4R5",200 Barclay Parade SW #202,Thursday 2021-08-19
194,Calgary,Canada,"Canadian Blood Services, Calgary","Calgary, AB, T2P 4R5",200 Barclay Parade SW #202,Friday 2021-08-20
195,Calgary,Canada,"Canadian Blood Services, Calgary","Calgary, AB, T2P 4R5",200 Barclay Parade SW #202,Monday 2021-08-23
196,Calgary,Canada,"Canadian Blood Services, Calgary","Calgary, AB, T2P 4R5",200 Barclay Parade SW #202,Tuesday 2021-08-24
197,Calgary,Canada,"Canadian Blood Services, Calgary","Calgary, AB, T2P 4R5",200 Barclay Parade SW #202,Wednesday 2021-08-25
198,Calgary,Canada,"Canadian Blood Services, Calgary","Calgary, AB, T2P 4R5",200 Barclay Parade SW #202,Thursday 2021-08-26
199,Calgary,Canada,"Canadian Blood Services, Calgary","Calgary, AB, T2P 4R5",200 Barclay Parade SW #202,Friday 2021-08-27
200,Calgary,Canada,"Canadian Blood Services, Calgary","Calgary, AB, T2P 4R5",200 Barclay Parade SW #202,Monday 2021-08-30
201,Calgary,Canada,"Canadian Blood Services, Calgary","Calgary, AB, T2P 4R5",200 Barclay Parade SW #202,Tuesday 2021-08-31
202,Calgary,Canada,"Canadian Blood Services, Calgary","Calgary, AB, T2P 4R5",200 Barclay Parade SW #202,Wednesday 2021-09-01
203,Calgary,Canada,"Canadian Blood Services, Calgary","Calgary, AB, T2P 4R5",200 Barclay Parade SW #202,Thursday 2021-09-02
204,Calgary,Canada,"Canadian Blood Services, Calgary","Calgary, AB, T2P 4R5",200 Barclay Parade SW #202,Friday 2021-09-03
205,Calgary,Canada,"Canadian Blood Services, Calgary","Calgary, AB, T2P 4R5",200 Barclay Parade SW #202,Saturday 2021-09-04
206,Calgary,Canada,"Canadian Blood Services, Calgary","Calgary, AB, T2P 4R5",200 Barclay Parade SW #202,Monday 2021-09-06
207,Calgary,Canada,"Canadian Blood Services, Calgary","Calgary, AB, T2P 4R5",200 Barclay Parade SW #202,Tuesday 2021-09-07
208,Calgary,Canada,"Canadian Blood Services, Calgary","Calgary, AB, T2P 4R5",200 Barclay Parade SW #202,Wednesday 2021-09-08
209,Calgary,Canada,"Canadian Blood Services, Calgary","Calgary, AB, T2P 4R5",200 Barclay Parade SW #202,Thursday 2021-09-09
210,Calgary,Canada,"Canadian Blood Services, Calgary","Calgary, AB, T2P 4R5",200 Barclay Parade SW #202,Friday 2021-09-10
211,Calgary,Canada,"Canadian Blood Services, Calgary","Calgary, AB, T2P 4R5",200 Barclay Parade SW #202,Saturday 2021-09-11
212,Calgary,Canada,"Canadian Blood Services, Calgary","Calgary, AB, T2P 4R5",200 Barclay Parade SW #202,Monday 2021-09-13
213,Calgary,Canada,"Canadian Blood Services, Calgary","Calgary, AB, T2P 4R5",200 Barclay Parade SW #202,Tuesday 2021-09-14
214,Calgary,Canada,"Canadian Blood Services, Calgary","Calgary, AB, T2P 4R5",200 Barclay Parade SW #202,Wednesday 2021-09-15
215,Calgary,Canada,"Canadian Blood Services, Calgary","Calgary, AB, T2P 4R5",200 Barclay Parade SW #202,Thursday 2021-09-16
216,Calgary,Canada,"Canadian Blood Services, Calgary","Calgary, AB, T2P 4R5",200 Barclay Parade SW #202,Friday 2021-09-17
217,Calgary,Canada,"Canadian Blood Services, Calgary","Calgary, AB, T2P 4R5",200 Barclay Parade SW #202,Saturday 2021-09-18
218,Calgary,Canada,"Canadian Blood Services, Calgary","Calgary, AB, T2P 4R5",200 Barclay Parade SW #202,Monday 2021-09-20
219,Calgary,Canada,"Canadian Blood Services, Calgary","Calgary, AB, T2P 4R5",200 Barclay Parade SW #202,Tuesday 2021-09-21
220,Calgary,Canada,"Canadian Blood Services, Calgary","Calgary, AB, T2P 4R5",200 Barclay Parade SW #202,Wednesday 2021-09-22
221,Calgary,Canada,"Canadian Blood Services, Calgary","Calgary, AB, T2P 4R5",200 Barclay Parade SW #202,Thursday 2021-09-23
222,Calgary,Canada,"Canadian Blood Services, Calgary","Calgary, AB, T2P 4R5",200 Barclay Parade SW #202,Friday 2021-09-24
223,Calgary,Canada,"Canadian Blood Services, Calgary","Calgary, AB, T2P 4R5",200 Barclay Parade SW #202,Saturday 2021-09-25
224,Calgary,Canada,"Canadian Blood Services, Calgary","Calgary, AB, T2P 4R5",200 Barclay Parade SW #202,Monday 2021-09-27
225,Calgary,Canada,"Canadian Blood Services, Calgary","Calgary, AB, T2P 4R5",200 Barclay Parade SW #202,Tuesday 2021-09-28
226,Calgary,Canada,"Canadian Blood Services, Calgary","Calgary, AB, T2P 4R5",200 Barclay Parade SW #202,Wednesday 2021-09-29
227,Calgary,Canada,"Canadian Blood Services, Calgary","Calgary, AB, T2P 4R5",200 Barclay Parade SW #202,Thursday 2021-09-30
228,Calgary,Canada,"Canadian Blood Services, Calgary","Calgary, AB, T2P 4R5",200 Barclay Parade SW #202,Friday 2021-10-01
229,Calgary,Canada,"Canadian Blood Services, Calgary","Calgary, AB, T2P 4R5",200 Barclay Parade SW #202,Saturday 2021-10-02
230,Calgary,Canada,"Canadian Blood Services, Calgary","Calgary, AB, T2P 4R5",200 Barclay Parade SW #202,Monday 2021-10-04
231,Calgary,Canada,"Canadian Blood Services, Calgary","Calgary, AB, T2P 4R5",200 Barclay Parade SW #202,Tuesday 2021-10-05
232,Calgary,Canada,"Canadian Blood Services, Calgary","Calgary, AB, T2P 4R5",200 Barclay Parade SW #202,Wednesday 2021-10-06
233,Calgary,Canada,"Canadian Blood Services, Calgary","Calgary, AB, T2P 4R5",200 Barclay Parade SW #202,Thursday 2021-10-07
234,Calgary,Canada,"Canadian Blood Services, Calgary","Calgary, AB, T2P 4R5",200 Barclay Parade SW #202,Friday 2021-10-08
235,Calgary,Canada,"Canadian Blood Services, Calgary","Calgary, AB, T2P 4R5",200 Barclay Parade SW #202,Saturday 2021-10-09
236,Calgary,Canada,"Canadian Blood Services, Calgary","Calgary, AB, T2P 4R5",200 Barclay Parade SW #202,Monday 2021-10-11
237,Calgary,Canada,"Canadian Blood Services, Calgary","Calgary, AB, T2P 4R5",200 Barclay Parade SW #202,Tuesday 2021-10-12
238,Calgary,Canada,"Canadian Blood Services, Calgary","Calgary, AB, T2P 4R5",200 Barclay Parade SW #202,Wednesday 2021-10-13
239,Calgary,Canada,"Canadian Blood Services, Calgary","Calgary, AB, T2P 4R5",200 Barclay Parade SW #202,Thursday 2021-10-14
240,Calgary,Canada,"Canadian Blood Services, Calgary","Calgary, AB, T2P 4R5",200 Barclay Parade SW #202,Friday 2021-10-15
241,Calgary,Canada,"Canadian Blood Services, Calgary","Calgary, AB, T2P 4R5",200 Barclay Parade SW #202,Saturday 2021-10-16
242,Calgary,Canada,"Canadian Blood Services, Calgary","Calgary, AB, T2P 4R5",200 Barclay Parade SW #202,Monday 2021-10-18
243,Calgary,Canada,"Canadian Blood Services, Calgary","Calgary, AB, T2P 4R5",200 Barclay Parade SW #202,Tuesday 2021-10-19
244,Calgary,Canada,"Canadian Blood Services, Calgary","Calgary, AB, T2P 4R5",200 Barclay Parade SW #202,Wednesday 2021-10-20
245,Calgary,Canada,"Canadian Blood Services, Calgary","Calgary, AB, T2P 4R5",200 Barclay Parade SW #202,Thursday 2021-10-21
246,Calgary,Canada,"Canadian Blood Services, Calgary","Calgary, AB, T2P 4R5",200 Barclay Parade SW #202,Friday 2021-10-22
247,Calgary,Canada,"Canadian Blood Services, Calgary","Calgary, AB, T2P 4R5",200 Barclay Parade SW #202,Saturday 2021-10-23
248,Calgary,Canada,"Canadian Blood Services, Calgary","Calgary, AB, T2P 4R5",200 Barclay Parade SW #202,Monday 2021-10-25
249,Calgary,Canada,"Canadian Blood Services, Calgary","Calgary, AB, T2P 4R5",200 Barclay Parade SW #202,Tuesday 2021-10-26
250,Calgary,Canada,"Canadian Blood Services, Calgary","Calgary, AB, T2P 4R5",200 Barclay Parade SW #202,Wednesday 2021-10-27
251,Calgary,Canada,"Canadian Blood Services, Calgary","Calgary, AB, T2P 4R5",200 Barclay Parade SW #202,Thursday 2021-10-28
252,Calgary,Canada,"Canadian Blood Services, Calgary","Calgary, AB, T2P 4R5",200 Barclay Parade SW #202,Friday 2021-10-29
253,Calgary,Canada,"Canadian Blood Services, Calgary","Calgary, AB, T2P 4R5",200 Barclay Parade SW #202,Saturday 2021-10-30
254,Calgary,Canada,"Canadian Blood Services, Calgary","Calgary, AB, T2P 4R5",200 Barclay Parade SW #202,Monday 2021-11-01
255,Calgary,Canada,"Canadian Blood Services, Calgary","Calgary, AB, T2P 4R5",200 Barclay Parade SW #202,Tuesday 2021-11-02
256,Calgary,Canada,"Canadian Blood Services, Calgary","Calgary, AB, T2P 4R5",200 Barclay Parade SW #202,Wednesday 2021-11-03
257,Calgary,Canada,"Canadian Blood Services, Calgary","Calgary, AB, T2P 4R5",200 Barclay Parade SW #202,Thursday 2021-11-04
258,Calgary,Canada,"Canadian Blood Services, Calgary","Calgary, AB, T2P 4R5",200 Barclay Parade SW #202,Friday 2021-11-05
259,Calgary,Canada,"Canadian Blood Services, Calgary","Calgary, AB, T2P 4R5",200 Barclay Parade SW #202,Saturday 2021-11-06
260,Calgary,Canada,"Canadian Blood Services, Calgary","Calgary, AB, T2P 4R5",200 Barclay Parade SW #202,Monday 2021-11-08
261,Calgary,Canada,"Canadian Blood Services, Calgary","Calgary, AB, T2P 4R5",200 Barclay Parade SW #202,Tuesday 2021-11-09
262,Calgary,Canada,"Canadian Blood Services, Calgary","Calgary, AB, T2P 4R5",200 Barclay Parade SW #202,Wednesday 2021-11-10
263,Calgary,Canada,"Canadian Blood Services, Calgary","Calgary, AB, T2P 4R5",200 Barclay Parade SW #202,Thursday 2021-11-11
264,Calgary,Canada,Brentview Baptist Church,"Calgary, AB, T2L 2C3",3512 Charleswood Dr NW,Saturday 2021-10-02
265,Calgary,Canada,Royal Hotel-Trademark Collection by Wyndham,"Calgary, AB, T2E 8T4",2828 23 St NE,Thursday 2021-08-19
266,Calgary,Canada,Royal Hotel - Trademark Collection by Wyndham,"Calgary, AB, T2E 8T4",2828 23 St NE,Friday 2021-09-10
267,Calgary,Canada,Royal Hotel - Trademark Collection by Wyndham,"Calgary, AB, T2E 8T4",2828 23 St NE,Friday 2021-11-05
268,Calgary,Canada,"Royal Hotel, Trademark Collection by Wyndham","Calgary, AB, T2E 8T4",2828 23 St NE,Thursday 2021-09-30
269,Calgary,Canada,Acadia Recreation Complex - Rose Hall,"Calgary, AB, T2J 0A3","Acadia Recreation Complex, 240 90 Ave SE",Saturday 2021-10-23
270,Calgary,Canada,Acadia Recreation Complex,"Calgary, AB, T2J 6P6",240- 90th Ave SE,Saturday 2021-10-30
271,Calgary,Canada,Delta Calgary South - Bonavista Room,"Calgary, AB, T2J 5X5",135 Southland Dr SE,Saturday 2021-09-18
272,Calgary,Canada,Glenmore Inn and Convention Centre,"Calgary, AB, T2C 2E6",1000 Glenmore Court SE,Thursday 2021-08-12
273,Calgary,Canada,Glenmore Inn and Convention Centre,"Calgary, AB, T2C 2E6",1000 Glenmore Court SE,Thursday 2021-11-04
274,Calgary,Canada,Marlborough Park Community Centre,"Calgary, AB, T2A 5G9",6021 Madigan Drive NE,Tuesday 2021-10-05
275,Calgary,Canada,Genesis Centre,"Calgary, AB, T3J 0C9",7555 Falconridge Blvd NE,Saturday 2021-09-25
276,Calgary,Canada,Calgary Shrine Event Centre,"Calgary, AB, T3L 1S4",5225 101 St NW,Thursday 2021-08-26
277,Calgary,Canada,Calgary Shrine Event Centre-Lower Hall,"Calgary, AB, T3L 1S4",5225 101 St NW,Thursday 2021-10-14
278,Calgary,Canada,First Alliance Church.,"Calgary, AB, T2Z 4E6",12345 40 St SE,Tuesday 2021-09-28
279,Calgary,Canada,St. John Henry Newman School,"Calgary, AB, T2Z 2G7",16201 McKenzie Lake Blvd SE,Saturday 2021-10-16
280,Calgary,Canada,Shane Homes YMCA at Rocky Ridge,"Calgary, AB, T3G 5H3",11300 Rocky Ridge Rd NW,Thursday 2021-11-11
281,Calgary,Canada,"Cranston Residents Association, Heritage Hall","Calgary, AB, T3M 0S8",11 Cranarch Rd SE,Thursday 2021-10-07
282,Calgary,Canada,"Cranston Residents Association, Heritage Hall","Calgary, AB, T3M 0S8",11 Cranarch Rd SE,Thursday 2021-10-28
283,Airdrie,Canada,Airdrie Town and Country Centre,"Airdrie, AB, T4B 2B4",103 275 Jensen Drive NE,Monday 2021-11-01
284,Airdrie,Canada,Airdrie Town and Country Centre,"Airdrie, AB, T4B 2B4",103 275 Jensen Drive NE,Tuesday 2021-11-02
285,Cochrane,Canada,Cochrane Alliance Church,"Cochrane, AB, T4C 1J2",902 Glenbow Drive,Tuesday 2021-09-14
286,Okotoks,Canada,Foothills Centennial Centre - Woods Hall,"Okotoks, AB, T1S 2N3",#4 204 Community Way,Monday 2021-10-04
287,Red Deer,Canada,"Canadian Blood Services, Red Deer","Red Deer, AB, T4N 7B4",5020 68 St #5,Thursday 2021-08-12
288,Red Deer,Canada,"Canadian Blood Services, Red Deer","Red Deer, AB, T4N 7B4",5020 68 St #5,Friday 2021-08-13
289,Red Deer,Canada,"Canadian Blood Services, Red Deer","Red Deer, AB, T4N 7B4",5020 68 St #5,Saturday 2021-08-14
290,Red Deer,Canada,"Canadian Blood Services, Red Deer","Red Deer, AB, T4N 7B4",5020 68 St #5,Wednesday 2021-08-18
291,Red Deer,Canada,"Canadian Blood Services, Red Deer","Red Deer, AB, T4N 7B4",5020 68 St #5,Thursday 2021-08-19
292,Red Deer,Canada,"Canadian Blood Services, Red Deer","Red Deer, AB, T4N 7B4",5020 68 St #5,Friday 2021-08-20
293,Red Deer,Canada,"Canadian Blood Services, Red Deer","Red Deer, AB, T4N 7B4",5020 68 St #5,Saturday 2021-08-21
294,Red Deer,Canada,"Canadian Blood Services, Red Deer","Red Deer, AB, T4N 7B4",5020 68 St #5,Wednesday 2021-08-25
295,Red Deer,Canada,"Canadian Blood Services, Red Deer","Red Deer, AB, T4N 7B4",5020 68 St #5,Thursday 2021-08-26
296,Red Deer,Canada,"Canadian Blood Services, Red Deer","Red Deer, AB, T4N 7B4",5020 68 St #5,Friday 2021-08-27
297,Red Deer,Canada,"Canadian Blood Services, Red Deer","Red Deer, AB, T4N 7B4",5020 68 St #5,Saturday 2021-08-28
298,Red Deer,Canada,"Canadian Blood Services, Red Deer","Red Deer, AB, T4N 7B4",5020 68 St #5,Wednesday 2021-09-01
299,Red Deer,Canada,"Canadian Blood Services, Red Deer","Red Deer, AB, T4N 7B4",5020 68 St #5,Thursday 2021-09-02
300,Red Deer,Canada,"Canadian Blood Services, Red Deer","Red Deer, AB, T4N 7B4",5020 68 St #5,Friday 2021-09-03
301,Red Deer,Canada,"Canadian Blood Services, Red Deer","Red Deer, AB, T4N 7B4",5020 68 St #5,Saturday 2021-09-04
302,Red Deer,Canada,"Canadian Blood Services, Red Deer","Red Deer, AB, T4N 7B4",5020 68 St #5,Wednesday 2021-09-08
303,Red Deer,Canada,"Canadian Blood Services, Red Deer","Red Deer, AB, T4N 7B4",5020 68 St #5,Thursday 2021-09-09
304,Red Deer,Canada,"Canadian Blood Services, Red Deer","Red Deer, AB, T4N 7B4",5020 68 St #5,Friday 2021-09-10
305,Red Deer,Canada,"Canadian Blood Services, Red Deer","Red Deer, AB, T4N 7B4",5020 68 St #5,Saturday 2021-09-11
306,Red Deer,Canada,"Canadian Blood Services, Red Deer","Red Deer, AB, T4N 7B4",5020 68 St #5,Wednesday 2021-09-15
307,Red Deer,Canada,"Canadian Blood Services, Red Deer","Red Deer, AB, T4N 7B4",5020 68 St #5,Thursday 2021-09-16
308,Red Deer,Canada,"Canadian Blood Services, Red Deer","Red Deer, AB, T4N 7B4",5020 68 St #5,Friday 2021-09-17
309,Red Deer,Canada,"Canadian Blood Services, Red Deer","Red Deer, AB, T4N 7B4",5020 68 St #5,Saturday 2021-09-18
310,Red Deer,Canada,"Canadian Blood Services, Red Deer","Red Deer, AB, T4N 7B4",5020 68 St #5,Wednesday 2021-09-22
311,Red Deer,Canada,"Canadian Blood Services, Red Deer","Red Deer, AB, T4N 7B4",5020 68 St #5,Thursday 2021-09-23
312,Red Deer,Canada,"Canadian Blood Services, Red Deer","Red Deer, AB, T4N 7B4",5020 68 St #5,Friday 2021-09-24
313,Red Deer,Canada,"Canadian Blood Services, Red Deer","Red Deer, AB, T4N 7B4",5020 68 St #5,Saturday 2021-09-25
314,Red Deer,Canada,"Canadian Blood Services, Red Deer","Red Deer, AB, T4N 7B4",5020 68 St #5,Wednesday 2021-09-29
315,Red Deer,Canada,"Canadian Blood Services, Red Deer","Red Deer, AB, T4N 7B4",5020 68 St #5,Thursday 2021-09-30
316,Red Deer,Canada,"Canadian Blood Services, Red Deer","Red Deer, AB, T4N 7B4",5020 68 St #5,Friday 2021-10-01
317,Red Deer,Canada,"Canadian Blood Services, Red Deer","Red Deer, AB, T4N 7B4",5020 68 St #5,Saturday 2021-10-02
318,Red Deer,Canada,"Canadian Blood Services, Red Deer","Red Deer, AB, T4N 7B4",5020 68 St #5,Wednesday 2021-10-06
319,Red Deer,Canada,"Canadian Blood Services, Red Deer","Red Deer, AB, T4N 7B4",5020 68 St #5,Thursday 2021-10-07
320,Red Deer,Canada,"Canadian Blood Services, Red Deer","Red Deer, AB, T4N 7B4",5020 68 St #5,Friday 2021-10-08
321,Red Deer,Canada,"Canadian Blood Services, Red Deer","Red Deer, AB, T4N 7B4",5020 68 St #5,Saturday 2021-10-09
322,Red Deer,Canada,"Canadian Blood Services, Red Deer","Red Deer, AB, T4N 7B4",5020 68 St #5,Wednesday 2021-10-13
323,Red Deer,Canada,"Canadian Blood Services, Red Deer","Red Deer, AB, T4N 7B4",5020 68 St #5,Thursday 2021-10-14
324,Red Deer,Canada,"Canadian Blood Services, Red Deer","Red Deer, AB, T4N 7B4",5020 68 St #5,Friday 2021-10-15
325,Red Deer,Canada,"Canadian Blood Services, Red Deer","Red Deer, AB, T4N 7B4",5020 68 St #5,Saturday 2021-10-16
326,Red Deer,Canada,"Canadian Blood Services, Red Deer","Red Deer, AB, T4N 7B4",5020 68 St #5,Wednesday 2021-10-20
327,Red Deer,Canada,"Canadian Blood Services, Red Deer","Red Deer, AB, T4N 7B4",5020 68 St #5,Thursday 2021-10-21
328,Red Deer,Canada,"Canadian Blood Services, Red Deer","Red Deer, AB, T4N 7B4",5020 68 St #5,Friday 2021-10-22
329,Red Deer,Canada,"Canadian Blood Services, Red Deer","Red Deer, AB, T4N 7B4",5020 68 St #5,Saturday 2021-10-23
330,Red Deer,Canada,"Canadian Blood Services, Red Deer","Red Deer, AB, T4N 7B4",5020 68 St #5,Wednesday 2021-10-27
331,Red Deer,Canada,"Canadian Blood Services, Red Deer","Red Deer, AB, T4N 7B4",5020 68 St #5,Thursday 2021-10-28
332,Red Deer,Canada,"Canadian Blood Services, Red Deer","Red Deer, AB, T4N 7B4",5020 68 St #5,Friday 2021-10-29
333,Red Deer,Canada,"Canadian Blood Services, Red Deer","Red Deer, AB, T4N 7B4",5020 68 St #5,Saturday 2021-10-30
334,Red Deer,Canada,"Canadian Blood Services, Red Deer","Red Deer, AB, T4N 7B4",5020 68 St #5,Wednesday 2021-11-03
335,Red Deer,Canada,"Canadian Blood Services, Red Deer","Red Deer, AB, T4N 7B4",5020 68 St #5,Thursday 2021-11-04
336,Red Deer,Canada,"Canadian Blood Services, Red Deer","Red Deer, AB, T4N 7B4",5020 68 St #5,Friday 2021-11-05
337,Red Deer,Canada,"Canadian Blood Services, Red Deer","Red Deer, AB, T4N 7B4",5020 68 St #5,Saturday 2021-11-06
338,Red Deer,Canada,"Canadian Blood Services, Red Deer","Red Deer, AB, T4N 7B4",5020 68 St #5,Wednesday 2021-11-10
339,Red Deer,Canada,"Canadian Blood Services, Red Deer","Red Deer, AB, T4N 7B4",5020 68 St #5,Thursday 2021-11-11
340,Lethbridge,Canada,Plasma Donor Centre Lethbridge,"Lethbridge, AB, T1K 8A8",10-3735 Mayor Magrath Dr S,Thursday 2021-08-12
341,Lethbridge,Canada,Plasma Donor Centre Lethbridge,"Lethbridge, AB, T1K 8A8",10-3735 Mayor Magrath Dr S,Friday 2021-08-13
342,Lethbridge,Canada,Plasma Donor Centre Lethbridge,"Lethbridge, AB, T1K 8A8",10-3735 Mayor Magrath Dr S,Saturday 2021-08-14
343,Lethbridge,Canada,Plasma Donor Centre Lethbridge,"Lethbridge, AB, T1K 8A8",10-3735 Mayor Magrath Dr S,Monday 2021-08-16
344,Lethbridge,Canada,Plasma Donor Centre Lethbridge,"Lethbridge, AB, T1K 8A8",10-3735 Mayor Magrath Dr S,Tuesday 2021-08-17
345,Lethbridge,Canada,Plasma Donor Centre Lethbridge,"Lethbridge, AB, T1K 8A8",10-3735 Mayor Magrath Dr S,Wednesday 2021-08-18
346,Lethbridge,Canada,Plasma Donor Centre Lethbridge,"Lethbridge, AB, T1K 8A8",10-3735 Mayor Magrath Dr S,Thursday 2021-08-19
347,Lethbridge,Canada,Plasma Donor Centre Lethbridge,"Lethbridge, AB, T1K 8A8",10-3735 Mayor Magrath Dr S,Friday 2021-08-20
348,Lethbridge,Canada,Plasma Donor Centre Lethbridge,"Lethbridge, AB, T1K 8A8",10-3735 Mayor Magrath Dr S,Saturday 2021-08-21
349,Lethbridge,Canada,Plasma Donor Centre Lethbridge,"Lethbridge, AB, T1K 8A8",10-3735 Mayor Magrath Dr S,Monday 2021-08-23
350,Lethbridge,Canada,Plasma Donor Centre Lethbridge,"Lethbridge, AB, T1K 8A8",10-3735 Mayor Magrath Dr S,Tuesday 2021-08-24
351,Lethbridge,Canada,Plasma Donor Centre Lethbridge,"Lethbridge, AB, T1K 8A8",10-3735 Mayor Magrath Dr S,Wednesday 2021-08-25
352,Lethbridge,Canada,Plasma Donor Centre Lethbridge,"Lethbridge, AB, T1K 8A8",10-3735 Mayor Magrath Dr S,Thursday 2021-08-26
353,Lethbridge,Canada,Plasma Donor Centre Lethbridge,"Lethbridge, AB, T1K 8A8",10-3735 Mayor Magrath Dr S,Friday 2021-08-27
354,Lethbridge,Canada,Plasma Donor Centre Lethbridge,"Lethbridge, AB, T1K 8A8",10-3735 Mayor Magrath Dr S,Saturday 2021-08-28
355,Lethbridge,Canada,Plasma Donor Centre Lethbridge,"Lethbridge, AB, T1K 8A8",10-3735 Mayor Magrath Dr S,Monday 2021-08-30
356,Lethbridge,Canada,Plasma Donor Centre Lethbridge,"Lethbridge, AB, T1K 8A8",10-3735 Mayor Magrath Dr S,Tuesday 2021-08-31
357,Lethbridge,Canada,Plasma Donor Centre Lethbridge,"Lethbridge, AB, T1K 8A8",10-3735 Mayor Magrath Dr S,Wednesday 2021-09-01
358,Lethbridge,Canada,Plasma Donor Centre Lethbridge,"Lethbridge, AB, T1K 8A8",10-3735 Mayor Magrath Dr S,Thursday 2021-09-02
359,Lethbridge,Canada,Plasma Donor Centre Lethbridge,"Lethbridge, AB, T1K 8A8",10-3735 Mayor Magrath Dr S,Friday 2021-09-03
360,Lethbridge,Canada,Plasma Donor Centre Lethbridge,"Lethbridge, AB, T1K 8A8",10-3735 Mayor Magrath Dr S,Saturday 2021-09-04
361,Lethbridge,Canada,Plasma Donor Centre Lethbridge,"Lethbridge, AB, T1K 8A8",10-3735 Mayor Magrath Dr S,Tuesday 2021-09-07
362,Lethbridge,Canada,Plasma Donor Centre Lethbridge,"Lethbridge, AB, T1K 8A8",10-3735 Mayor Magrath Dr S,Wednesday 2021-09-08
363,Lethbridge,Canada,Plasma Donor Centre Lethbridge,"Lethbridge, AB, T1K 8A8",10-3735 Mayor Magrath Dr S,Thursday 2021-09-09
364,Lethbridge,Canada,Plasma Donor Centre Lethbridge,"Lethbridge, AB, T1K 8A8",10-3735 Mayor Magrath Dr S,Friday 2021-09-10
365,Lethbridge,Canada,Plasma Donor Centre Lethbridge,"Lethbridge, AB, T1K 8A8",10-3735 Mayor Magrath Dr S,Saturday 2021-09-11
366,Lethbridge,Canada,Plasma Donor Centre Lethbridge,"Lethbridge, AB, T1K 8A8",10-3735 Mayor Magrath Dr S,Monday 2021-09-13
367,Lethbridge,Canada,Plasma Donor Centre Lethbridge,"Lethbridge, AB, T1K 8A8",10-3735 Mayor Magrath Dr S,Tuesday 2021-09-14
368,Lethbridge,Canada,Plasma Donor Centre Lethbridge,"Lethbridge, AB, T1K 8A8",10-3735 Mayor Magrath Dr S,Wednesday 2021-09-15
369,Lethbridge,Canada,Plasma Donor Centre Lethbridge,"Lethbridge, AB, T1K 8A8",10-3735 Mayor Magrath Dr S,Thursday 2021-09-16
370,Lethbridge,Canada,Plasma Donor Centre Lethbridge,"Lethbridge, AB, T1K 8A8",10-3735 Mayor Magrath Dr S,Friday 2021-09-17
371,Lethbridge,Canada,Plasma Donor Centre Lethbridge,"Lethbridge, AB, T1K 8A8",10-3735 Mayor Magrath Dr S,Saturday 2021-09-18
372,Lethbridge,Canada,Plasma Donor Centre Lethbridge,"Lethbridge, AB, T1K 8A8",10-3735 Mayor Magrath Dr S,Monday 2021-09-20
373,Lethbridge,Canada,Plasma Donor Centre Lethbridge,"Lethbridge, AB, T1K 8A8",10-3735 Mayor Magrath Dr S,Tuesday 2021-09-21
374,Lethbridge,Canada,Plasma Donor Centre Lethbridge,"Lethbridge, AB, T1K 8A8",10-3735 Mayor Magrath Dr S,Wednesday 2021-09-22
375,Lethbridge,Canada,Plasma Donor Centre Lethbridge,"Lethbridge, AB, T1K 8A8",10-3735 Mayor Magrath Dr S,Thursday 2021-09-23
376,Lethbridge,Canada,Plasma Donor Centre Lethbridge,"Lethbridge, AB, T1K 8A8",10-3735 Mayor Magrath Dr S,Friday 2021-09-24
377,Lethbridge,Canada,Plasma Donor Centre Lethbridge,"Lethbridge, AB, T1K 8A8",10-3735 Mayor Magrath Dr S,Saturday 2021-09-25
378,Lethbridge,Canada,Plasma Donor Centre Lethbridge,"Lethbridge, AB, T1K 8A8",10-3735 Mayor Magrath Dr S,Monday 2021-09-27
379,Lethbridge,Canada,Plasma Donor Centre Lethbridge,"Lethbridge, AB, T1K 8A8",10-3735 Mayor Magrath Dr S,Tuesday 2021-09-28
380,Lethbridge,Canada,Plasma Donor Centre Lethbridge,"Lethbridge, AB, T1K 8A8",10-3735 Mayor Magrath Dr S,Wednesday 2021-09-29
381,Lethbridge,Canada,Plasma Donor Centre Lethbridge,"Lethbridge, AB, T1K 8A8",10-3735 Mayor Magrath Dr S,Friday 2021-10-01
382,Lethbridge,Canada,Plasma Donor Centre Lethbridge,"Lethbridge, AB, T1K 8A8",10-3735 Mayor Magrath Dr S,Saturday 2021-10-02
383,Lethbridge,Canada,Plasma Donor Centre Lethbridge,"Lethbridge, AB, T1K 8A8",10-3735 Mayor Magrath Dr S,Monday 2021-10-04
384,Lethbridge,Canada,Plasma Donor Centre Lethbridge,"Lethbridge, AB, T1K 8A8",10-3735 Mayor Magrath Dr S,Tuesday 2021-10-05
385,Lethbridge,Canada,Plasma Donor Centre Lethbridge,"Lethbridge, AB, T1K 8A8",10-3735 Mayor Magrath Dr S,Wednesday 2021-10-06
386,Lethbridge,Canada,Plasma Donor Centre Lethbridge,"Lethbridge, AB, T1K 8A8",10-3735 Mayor Magrath Dr S,Thursday 2021-10-07
387,Lethbridge,Canada,Plasma Donor Centre Lethbridge,"Lethbridge, AB, T1K 8A8",10-3735 Mayor Magrath Dr S,Friday 2021-10-08
388,Lethbridge,Canada,Plasma Donor Centre Lethbridge,"Lethbridge, AB, T1K 8A8",10-3735 Mayor Magrath Dr S,Saturday 2021-10-09
389,Lethbridge,Canada,Plasma Donor Centre Lethbridge,"Lethbridge, AB, T1K 8A8",10-3735 Mayor Magrath Dr S,Tuesday 2021-10-12
390,Lethbridge,Canada,Plasma Donor Centre Lethbridge,"Lethbridge, AB, T1K 8A8",10-3735 Mayor Magrath Dr S,Wednesday 2021-10-13
391,Lethbridge,Canada,Plasma Donor Centre Lethbridge,"Lethbridge, AB, T1K 8A8",10-3735 Mayor Magrath Dr S,Thursday 2021-10-14
392,Lethbridge,Canada,Plasma Donor Centre Lethbridge,"Lethbridge, AB, T1K 8A8",10-3735 Mayor Magrath Dr S,Friday 2021-10-15
393,Lethbridge,Canada,Plasma Donor Centre Lethbridge,"Lethbridge, AB, T1K 8A8",10-3735 Mayor Magrath Dr S,Saturday 2021-10-16
394,Lethbridge,Canada,Plasma Donor Centre Lethbridge,"Lethbridge, AB, T1K 8A8",10-3735 Mayor Magrath Dr S,Monday 2021-10-18
395,Lethbridge,Canada,Plasma Donor Centre Lethbridge,"Lethbridge, AB, T1K 8A8",10-3735 Mayor Magrath Dr S,Tuesday 2021-10-19
396,Lethbridge,Canada,Plasma Donor Centre Lethbridge,"Lethbridge, AB, T1K 8A8",10-3735 Mayor Magrath Dr S,Wednesday 2021-10-20
397,Lethbridge,Canada,Plasma Donor Centre Lethbridge,"Lethbridge, AB, T1K 8A8",10-3735 Mayor Magrath Dr S,Thursday 2021-10-21
398,Lethbridge,Canada,Plasma Donor Centre Lethbridge,"Lethbridge, AB, T1K 8A8",10-3735 Mayor Magrath Dr S,Friday 2021-10-22
399,Lethbridge,Canada,Plasma Donor Centre Lethbridge,"Lethbridge, AB, T1K 8A8",10-3735 Mayor Magrath Dr S,Saturday 2021-10-23
400,Lethbridge,Canada,Plasma Donor Centre Lethbridge,"Lethbridge, AB, T1K 8A8",10-3735 Mayor Magrath Dr S,Monday 2021-10-25
401,Lethbridge,Canada,Plasma Donor Centre Lethbridge,"Lethbridge, AB, T1K 8A8",10-3735 Mayor Magrath Dr S,Tuesday 2021-10-26
402,Lethbridge,Canada,Plasma Donor Centre Lethbridge,"Lethbridge, AB, T1K 8A8",10-3735 Mayor Magrath Dr S,Wednesday 2021-10-27
403,Lethbridge,Canada,Plasma Donor Centre Lethbridge,"Lethbridge, AB, T1K 8A8",10-3735 Mayor Magrath Dr S,Thursday 2021-10-28
404,Lethbridge,Canada,Plasma Donor Centre Lethbridge,"Lethbridge, AB, T1K 8A8",10-3735 Mayor Magrath Dr S,Friday 2021-10-29
405,Lethbridge,Canada,Plasma Donor Centre Lethbridge,"Lethbridge, AB, T1K 8A8",10-3735 Mayor Magrath Dr S,Saturday 2021-10-30
406,Lethbridge,Canada,Plasma Donor Centre Lethbridge,"Lethbridge, AB, T1K 8A8",10-3735 Mayor Magrath Dr S,Monday 2021-11-01
407,Lethbridge,Canada,Plasma Donor Centre Lethbridge,"Lethbridge, AB, T1K 8A8",10-3735 Mayor Magrath Dr S,Tuesday 2021-11-02
408,Lethbridge,Canada,Plasma Donor Centre Lethbridge,"Lethbridge, AB, T1K 8A8",10-3735 Mayor Magrath Dr S,Wednesday 2021-11-03
409,Lethbridge,Canada,Plasma Donor Centre Lethbridge,"Lethbridge, AB, T1K 8A8",10-3735 Mayor Magrath Dr S,Thursday 2021-11-04
410,Lethbridge,Canada,Plasma Donor Centre Lethbridge,"Lethbridge, AB, T1K 8A8",10-3735 Mayor Magrath Dr S,Friday 2021-11-05
411,Lethbridge,Canada,Plasma Donor Centre Lethbridge,"Lethbridge, AB, T1K 8A8",10-3735 Mayor Magrath Dr S,Saturday 2021-11-06
412,Lethbridge,Canada,Plasma Donor Centre Lethbridge,"Lethbridge, AB, T1K 8A8",10-3735 Mayor Magrath Dr S,Monday 2021-11-08
413,Lethbridge,Canada,Plasma Donor Centre Lethbridge,"Lethbridge, AB, T1K 8A8",10-3735 Mayor Magrath Dr S,Tuesday 2021-11-09
414,Lethbridge,Canada,Plasma Donor Centre Lethbridge,"Lethbridge, AB, T1K 8A8",10-3735 Mayor Magrath Dr S,Wednesday 2021-11-10
